model_id,model_name,creator,aa_intelligence_index,aa_coding_index,aa_math_index
16149b9c-a1e9-4669-a5cb-ff3c00d78f89,gpt-oss-20B (low),OpenAI,20.8,14.4,62.3
36f73aaf-d38a-4b56-a2b3-d04d17186910,gpt-oss-20B (high),OpenAI,24.5,18.5,89.3
a89c4b28-2d8c-456e-88ea-255fb51fd2b6,GPT-5.4 (xhigh),OpenAI,56.8,57.3,
f0083258-8646-45b8-8082-7aaf6c2ea82a,gpt-oss-120B (high),OpenAI,33.3,28.6,93.4
6b79f899-e3c0-45f6-923c-243faccdb2fc,GPT-5.5 (medium),OpenAI,56.7,56.2,
c77cfe51-f4a0-4692-9dee-5061ef667f23,GPT-5.5 (low),OpenAI,50.8,52.1,
1f054429-397e-4fdb-9e71-67bc92c1735e,GPT-5.5 (xhigh),OpenAI,60.2,59.1,
392063ba-c3b5-47e8-ba67-a7b0b34f6824,GPT-5.4 mini (medium),OpenAI,37.7,37.5,
ae447455-940d-4d30-9139-a664fa896eaf,GPT-5.4 mini (Non-Reasoning),OpenAI,23.3,25.3,
6f1a7562-6e96-46ac-af4f-6ba5a7a3da96,GPT-5.5 (Non-reasoning),OpenAI,40.9,48.6,
ba242e40-83b7-4cd3-a0e0-b56237984914,GPT-5.4 mini (xhigh),OpenAI,48.9,51.5,
c99f3bde-7c08-4de8-bd5c-8ee9123ebffa,gpt-oss-120B (low),OpenAI,24.5,15.5,66.7
4c111fbc-d13a-42b4-858c-1dc17fe3c1d1,Grok-1,xAI,11.7,,
d4fc3f33-f2b0-4da1-88ee-f1f82bd4de31,GPT-5.4 nano (xhigh),OpenAI,44.0,43.9,
c298d1a8-606c-4971-8613-ccdaaf941043,GPT-5.4 nano (Non-Reasoning),OpenAI,24.4,27.9,
b13c1257-d746-4027-8fc8-4892dc14701c,GPT-5.5 (high),OpenAI,58.9,58.5,
8869f28a-a6ff-487f-8d32-93fe335fdda5,GPT-5.4 nano (medium),OpenAI,38.1,35.0,
493f6a1e-7717-4e98-9d6f-548b92c4702d,GPT-5.4 (Non-reasoning),OpenAI,35.4,41.0,
16c5b637-8bce-4252-81f2-1b87a36a4e4c,o3,OpenAI,38.4,38.4,88.3
59b5b14b-5365-4ee7-824a-18a8e6309644,GPT-5.3 Codex (xhigh),OpenAI,53.6,53.1,
5bb1f426-2d64-4d03-99fb-8041ee85c33b,GPT-5.4 Pro (xhigh),OpenAI,,,
976cc8ad-7904-4056-83c5-960181f47d5f,Llama 3.3 Instruct 70B,Meta,14.5,10.7,7.7
45c87531-2d57-48e0-8012-202cd636189e,Llama 3.1 Instruct 405B,Meta,17.4,14.5,3.0
9ca71ac4-41c8-42c0-87dd-5704a9e5b94d,Llama 3.2 Instruct 90B (Vision),Meta,11.9,,
5fb47ff6-a30e-4c2c-96f2-55e95a13390f,Llama 3.2 Instruct 11B (Vision),Meta,8.7,4.3,1.7
adf9a85e-abc3-4f28-937b-db6655cc5238,Llama 4 Scout,Meta,13.5,6.7,14.0
922c69c7-9037-43c6-8bcf-a1c555e7f3eb,Llama 4 Maverick,Meta,18.4,15.6,19.3
ebf3b39f-0be6-43a1-a37a-f9b2978c9916,Muse Spark,Meta,52.1,47.5,
cd26a386-4873-46ff-b853-d239050025a2,Gemma 4 31B (Reasoning),Google,39.2,38.7,
6e1b44ff-c227-496b-aef4-19b70cd18c76,Gemma 4 26B A4B (Reasoning),Google,31.2,22.4,
7c73c3be-7f51-4d14-bec8-d5789488df25,Gemini 3 Flash Preview (Reasoning),Google,46.4,42.6,97.0
783a0ea2-1eef-422a-8c3d-f6d40d943f54,Gemini 3 Flash Preview (Non-reasoning),Google,35.0,37.8,55.7
70882ec6-914c-41f0-9754-5e8f75005f77,Gemma 4 26B A4B (Non-reasoning),Google,27.1,29.1,
d0aa27aa-4705-4184-9a1d-483b78c9331c,Gemma 4 31B (Non-reasoning),Google,32.3,33.9,
755d7281-2ed8-48c7-808f-709ec4cbfb71,Gemma 4 E2B (Non-reasoning),Google,12.1,8.3,
d80eb0f1-f62e-4d31-99d2-7a925eb126b0,Gemma 4 E4B (Reasoning),Google,18.8,13.7,
5303601c-8133-4f52-bc4e-5241ee6b3c10,Gemma 4 E4B (Non-reasoning),Google,14.8,6.4,
a5092ece-d5a7-461f-b036-3faef262423f,Gemini 3 Deep Think,Google,,,
b07aef0a-b192-46a1-b1c9-40b06d1b9061,Gemma 4 E2B (Reasoning),Google,15.2,9.0,
bbd93ebe-80da-4594-bb19-61e69d0331df,Gemini 3.1 Pro Preview,Google,57.2,55.5,
b2f3191f-77d6-4155-8be6-330f0baa1ae5,Gemini 3 Pro Preview (low),Google,41.3,39.4,86.7
27202e5f-c82d-4710-92e9-4317877d4883,Gemini 2.5 Pro,Google,34.6,31.9,87.7
84922739-425f-46e1-87ac-bb4268dcacbb,Gemini 2.5 Flash-Lite Preview (Sep '25) (Reasoning),Google,21.6,18.1,68.7
71f51ea9-94fe-4635-a80d-4cfffbb685f4,Gemini 2.5 Flash-Lite Preview (Sep '25) (Non-reasoning),Google,19.4,14.5,46.7
04781a0e-40f0-4e2a-a4e5-18e389364a79,Gemma 3 270M,Google,7.7,0.0,2.3
598190f8-dc9c-4fea-a7ea-4b81c402ab18,Gemini 3.1 Flash-Lite Preview,Google,33.5,30.1,
2e40e695-3cec-43da-83f9-615af30b8e91,"Claude Sonnet 4.6 (Non-reasoning, High Effort)",Anthropic,44.4,46.4,
a6340098-d7ae-462d-b372-0a0a67fc44b4,Claude 4.5 Haiku (Reasoning),Anthropic,37.1,32.6,83.7
e9a09db3-8fd6-41dd-ba2f-20e0a2bff7f2,"Claude Opus 4.7 (Adaptive Reasoning, Max Effort)",Anthropic,57.3,52.5,
df8d14e0-3997-4e4d-b4ad-9c047acc9c69,"Claude Sonnet 4.6 (Adaptive Reasoning, Max Effort)",Anthropic,51.7,50.9,
2fa8e143-77a8-4d05-bfa8-d3b54634c00f,"Claude Opus 4.7 (Non-reasoning, High Effort)",Anthropic,51.8,53.1,
c2b1e769-7aee-4669-8076-73918bdebf6c,Claude 4.5 Haiku (Non-reasoning),Anthropic,31.1,29.6,39.0
f2e21112-192e-4aed-ae82-68ca3b38e667,"Claude Sonnet 4.6 (Non-reasoning, Low Effort)",Anthropic,42.6,43.0,
66f4ce73-9a9b-4b49-9c6e-bedb9bfdc720,Ministral 3 3B,Mistral,11.2,4.8,22.0
9741f3c2-cbb1-4a3f-99ee-7bd7384d9038,Ministral 3 8B,Mistral,14.8,10.0,31.7
3fd96175-4ef1-434c-8795-f873aec2abc1,Mistral Small 4 (Reasoning),Mistral,27.8,24.3,
70152cb0-fb36-4732-a925-89ef40994be1,Magistral Small 1.2,Mistral,18.2,14.8,80.3
4928e950-7f37-4475-b0dc-c5bad781a321,Mistral Large 3,Mistral,22.8,22.7,38.0
864da2a5-156c-45fd-873c-8923be91914f,Magistral Medium 1.2,Mistral,27.1,21.7,82.0
713fae11-c75c-4f10-ae2c-8e4074cd58af,Ministral 3 14B,Mistral,16.0,10.9,30.0
05a32e26-e609-4377-951b-8fa23d329926,Mistral Medium 3.1,Mistral,21.3,18.3,38.3
09f43999-b67b-4c1b-b050-44df41ed7e62,Devstral 2,Mistral,22.0,23.7,36.7
12f6a061-0ab3-4c76-b225-49abee253651,Mistral Small 4 (Non-reasoning),Mistral,18.6,16.4,
ce819310-af7c-49d3-9a02-6845111e1788,Devstral Small 2,Mistral,19.5,20.7,34.3
4a845d7b-a52d-43bb-80b7-b58c7a0c155e,DeepSeek R1 Distill Llama 70B,DeepSeek,16.0,11.4,53.7
bf220674-68bd-43cc-a1b8-ce5ed4d2f18d,"DeepSeek V4 Pro (Reasoning, Max Effort)",DeepSeek,51.5,47.5,
a83f84b3-473a-4276-9ae1-8909da723159,DeepSeek R1 0528 (May '25),DeepSeek,27.1,24.0,76.0
d8ddb241-b3e4-4c25-a6a3-72eb1b30c541,"DeepSeek V4 Flash (Reasoning, Max Effort)",DeepSeek,46.5,38.7,
6d9a176d-feb8-4dac-8872-afe32b31897f,DeepSeek V3.2 (Non-reasoning),DeepSeek,32.1,34.6,59.0
d621247c-d47e-458c-82cb-a166bc3b37e5,DeepSeek V3.2 (Reasoning),DeepSeek,41.7,36.7,92.0
89a2c945-1fab-4ee4-9f45-83a9f46cb221,"DeepSeek V4 Flash (Reasoning, High Effort)",DeepSeek,44.9,39.8,
5da3c0e2-65d2-4bff-a410-cb2132ddafb6,"DeepSeek V4 Pro (Reasoning, High Effort)",DeepSeek,49.8,43.3,
527e943a-adc6-4e69-93af-d1608e1b5fed,DeepSeek V3.2 Speciale,DeepSeek,29.4,37.9,96.7
98e3230e-cee1-4c19-b9f8-b6b6a826ca93,R1 1776,Perplexity,12.0,,
c76e0ae8-0fd2-45c0-a39d-d398fce9b128,Falcon-H1R-7B,TII UAE,15.8,9.8,80.0
c72cb85a-18a4-4235-b455-77dff2f16c50,Grok 4.20 0309 v2 (Reasoning),xAI,49.3,40.5,
a06bd3fc-86db-4a8e-ae6d-7459444d08c9,Grok Code Fast 1,xAI,28.7,23.7,43.3
49fd01f9-887d-4479-b8ce-771a81ecef4e,Grok 4.1 Fast (Non-reasoning),xAI,23.6,19.5,34.3
ff9bc5e5-a02f-4270-983e-4b3f834f3363,Grok 3 mini Reasoning (high),xAI,32.1,25.2,84.7
23149f9b-c904-43e2-9ec4-afa2bf843941,Grok 4.1 Fast (Reasoning),xAI,38.6,30.9,89.3
64312f37-3701-4243-a4c9-7c07a58cd6b9,Grok 4.20 0309 v2 (Non-reasoning),xAI,29.0,22.0,
344c6718-c573-41d4-9556-10287a3fa1fc,Nova Micro,Amazon,10.3,4.1,6.0
61bd9367-e520-4ec8-989e-5fbf50e61610,Nova 2.0 Lite (high),Amazon,34.5,23.4,94.3
fbdf8da1-b341-448c-b3cb-8aff1d8f70b9,Nova 2.0 Lite (medium),Amazon,29.7,23.9,88.7
76bce7fb-3a3f-4b66-a78d-35ccf3edf5d2,Nova 2.0 Lite (Non-reasoning),Amazon,18.0,12.5,33.7
a20ae33a-46e1-41e6-81a0-fe8b00d2e538,Nova 2.0 Pro Preview (Non-reasoning),Amazon,23.1,20.5,30.7
018c60e8-e908-431a-ba57-c840b1df3987,Nova 2.0 Omni (medium),Amazon,28.0,15.1,89.7
f4274721-ef28-4121-aa88-8e97267a5a82,Nova 2.0 Pro Preview (low),Amazon,31.9,24.5,63.3
0d94dc87-12c8-4d4a-8d99-804ce3f17bc2,Nova 2.0 Pro Preview (medium),Amazon,35.7,30.4,89.0
6fd796d3-f346-4f66-97df-5da81714fc73,Nova 2.0 Lite (low),Amazon,24.6,13.6,46.7
e58bbffd-fdc2-412a-b6d7-ca0e3f5d611a,Nova Premier,Amazon,19.0,13.8,17.3
b36ff8f3-0323-49d1-a063-ab09704fdb0c,Nova 2.0 Omni (low),Amazon,23.2,13.9,56.0
1f6478c9-3e22-4586-adbe-841782859677,Nova 2.0 Omni (Non-reasoning),Amazon,16.6,13.8,37.0
ee708f92-374e-4123-b900-e22d7b2afc19,Phi-4,Microsoft,10.4,11.2,18.0
2cd04201-2b6e-47ef-853e-7601f705f2a8,Phi-4 Multimodal Instruct,Microsoft,10.0,,
9f873c2f-2c2d-4ccb-9e1b-71bf61b052be,Phi-4 Mini Instruct,Microsoft,8.4,3.6,6.7
5a088cde-18e2-4dfa-98dd-d283e1c19654,LFM2.5-1.2B-Thinking,Liquid AI,8.1,1.4,
48194e0f-8226-4c57-8cb2-2a0fb68a84c9,LFM2.5-1.2B-Instruct,Liquid AI,8.0,0.8,
739e531a-eb0a-478f-bb67-5845b79ce65d,LFM2 2.6B,Liquid AI,8.0,1.4,8.3
fbc58677-e324-4b45-a979-7fd8eec555cd,LFM2 24B A2B,Liquid AI,10.5,3.6,
686ab020-ee58-4a70-a9ac-24d675a73506,LFM2 8B A1B,Liquid AI,7.0,2.3,25.3
3c5289e5-1c62-434c-bc44-c51c39f640a1,LFM2.5-VL-1.6B,Liquid AI,6.2,1.0,
44db6283-aa82-4799-af4a-679fe0530845,Solar Pro 2 (Non-reasoning),Upstage,13.6,11.3,30.0
b89c4faf-219e-4171-a1aa-e3bd2fd0a924,Solar Pro 3,Upstage,25.9,13.3,
59a1bb20-9170-4dc2-ba9c-12d326cf068e,Solar Open 100B (Reasoning),Upstage,21.7,10.5,
eb689f7a-f210-4a87-b407-f249897f2764,Solar Pro 2 (Reasoning),Upstage,14.9,12.1,61.3
4bbceacb-cf47-464b-b60f-e1d1fe016d67,MiniMax-M2.7,MiniMax,49.6,41.9,
7393c56a-ec31-48e9-b804-c04f2d2cb641,Llama 3.1 Nemotron Instruct 70B,NVIDIA,13.4,10.8,11.0
63872e9c-3377-4a6b-b477-7bba244c38e9,NVIDIA Nemotron 3 Super 120B A12B (Reasoning),NVIDIA,36.0,31.2,
e1cfa926-9e2b-4a0d-8c31-48366a5041c5,Llama Nemotron Super 49B v1.5 (Reasoning),NVIDIA,18.7,15.2,76.7
f1d52583-9d20-4099-99ac-b5df9430c3b6,NVIDIA Nemotron Nano 9B V2 (Reasoning),NVIDIA,14.8,8.3,69.7
9ee13921-62a4-425a-a22b-df3302198d93,NVIDIA Nemotron 3 Nano 4B,NVIDIA,14.7,10.0,
23b379f7-18df-492a-9fc1-a56c5a5b9cfc,NVIDIA Nemotron 3 Nano 30B A3B (Non-reasoning),NVIDIA,13.2,15.8,13.3
c4c3b42f-e0f0-48ca-b6f9-b296e7697806,Llama 3.3 Nemotron Super 49B v1 (Non-reasoning),NVIDIA,14.3,7.6,7.7
76dcf6ef-39ea-4be0-b693-b88da25b4caf,NVIDIA Nemotron 3 Nano 30B A3B (Reasoning),NVIDIA,24.3,19.0,91.0
26c0b5df-efa7-470f-a65e-2d883329e493,Llama Nemotron Super 49B v1.5 (Non-reasoning),NVIDIA,14.6,10.5,8.0
1a8ba535-df18-459b-ad40-3199191296d7,Llama 3.3 Nemotron Super 49B v1 (Reasoning),NVIDIA,18.5,9.4,54.7
9815da7d-70f4-44d6-b539-9ffef0faa152,Nemotron Cascade 2 30B A3B,NVIDIA,28.4,25.8,
6e6e02fd-9cbd-417f-9bfc-673df89c313d,NVIDIA Nemotron Nano 12B v2 VL (Reasoning),NVIDIA,14.9,11.8,75.0
cf095603-72b6-47f8-8ee1-09a42890f92a,Llama 3.1 Nemotron Ultra 253B v1 (Reasoning),NVIDIA,15.0,13.1,63.7
ab7f016c-a29b-4710-bdf6-6a5cd96aacca,NVIDIA Nemotron Nano 12B v2 VL (Non-reasoning),NVIDIA,10.1,5.9,26.7
2e8694f9-7782-47a6-a6ba-fdce89d939c8,NVIDIA Nemotron Nano 9B V2 (Non-reasoning),NVIDIA,13.2,7.5,62.3
b1fa84f8-1ed3-4124-b403-4655dafa4267,Llama 3.1 Nemotron Nano 4B v1.1 (Reasoning),NVIDIA,14.4,,50.0
ba04694d-326a-4a6a-8f1b-46316f872a7f,Kimi K2.5 (Non-reasoning),Kimi,37.3,25.8,
0de67206-4d36-4d10-b8f6-cf37fa747a03,Kimi K2.6,Kimi,53.9,47.1,
598de97d-029e-47b6-96ec-dbc1e0f9045a,Kimi Linear 48B A3B Instruct,Kimi,14.4,14.2,36.3
fe11ab6c-a4dd-4c28-9fef-07da76d5ed14,Llama 65B,Meta,7.4,,
acad0665-9457-4531-abd5-b59efd7a89ea,Step3 VL 10B,StepFun,15.4,13.9,
1aa3694e-b656-4dbe-8f84-0c65d8897abb,Step 3.5 Flash 2603,StepFun,38.5,34.6,
8f74a6ed-f82f-4a2f-a96b-4914993e47da,Olmo 3 7B Instruct,Allen Institute for AI,8.2,3.4,41.3
94a6d26e-a903-47f3-8323-ae422d237bb9,Olmo 3.1 32B Instruct,Allen Institute for AI,12.2,5.6,
3ef6db79-1dfa-4780-8c4b-affe2740d9ac,Molmo2-8B,Allen Institute for AI,7.3,4.4,
af74f222-05c7-422d-a653-b9c0707c9c72,Molmo 7B-D,Allen Institute for AI,9.2,1.2,0.0
39b64e04-7a69-4aa2-9e2e-fe38c24681ec,Olmo 3.1 32B Think,Allen Institute for AI,13.9,9.8,77.3
338216fb-62c2-48f1-898a-9166d12fb35e,Olmo 3 7B Think,Allen Institute for AI,9.4,7.6,70.7
dafbb6d2-4825-43d1-a927-feedcfd2e998,Granite 4.0 H 1B,IBM,8.0,2.7,6.3
a68afa0b-7fe2-4e9d-bf3e-741cce3c6aeb,Granite 4.0 H 350M,IBM,5.4,0.6,1.3
1fc32894-1060-493b-af94-62bb1068555e,Granite 4.0 Micro,IBM,7.7,5.0,6.0
a2c8e7b2-57bf-4d1e-96ea-7944d786d94d,Granite 4.0 1B,IBM,7.3,2.9,6.3
5dba8d07-9992-483c-81db-dac97cb15ba8,Granite 4.0 H Small,IBM,10.8,8.5,13.7
54c7f3fc-7078-442a-b472-e8691257a88c,Granite 4.0 350M,IBM,6.1,0.3,0.0
016d330a-2141-4afa-b2fc-62b314423dc1,Mercury 2,Inception,32.8,30.6,
dbbcf240-a69e-4078-8f16-7c94c7a8c514,Reka Flash 3,Reka AI,9.5,8.9,33.7
a8efb564-9d17-4d7f-8f43-e9110657ce21,DeepHermes 3 - Mistral 24B Preview (Non-reasoning),Nous Research,10.9,,
82b207dd-d285-4a52-b2fc-2cbd27543899,Hermes 4 - Llama-3.1 405B (Reasoning),Nous Research,18.6,16.0,69.7
b7726745-9c77-40c3-8452-974cb53d6fbc,DeepHermes 3 - Llama-3.1 8B Preview (Non-reasoning),Nous Research,7.6,,
d3968fd3-97d8-4693-8d26-19cefc6f5d5f,Hermes 4 - Llama-3.1 405B (Non-reasoning),Nous Research,17.6,18.1,15.3
235060f4-057d-4bd1-8b8e-4a92908c770e,Hermes 4 - Llama-3.1 70B (Non-reasoning),Nous Research,12.6,9.2,11.3
6ba9e8eb-8124-436d-842f-dbe36df80c27,Hermes 4 - Llama-3.1 70B (Reasoning),Nous Research,16.0,14.4,68.7
44b19b51-5367-4ef9-a2ff-2f90b89a0867,EXAONE 4.0 32B (Reasoning),LG AI Research,16.7,14.0,80.0
d734e2ce-5cf8-467f-8148-586d02671333,Exaone 4.0 1.2B (Reasoning),LG AI Research,8.3,3.1,50.3
8273650d-40e5-45ee-aeda-df71de784164,Exaone 4.0 1.2B (Non-reasoning),LG AI Research,8.1,2.5,24.0
2f60d80d-c3d3-4a43-bded-0557898c4618,EXAONE 4.0 32B (Non-reasoning),LG AI Research,11.7,9.4,39.3
715e05fb-1313-441c-bf1d-8651c752a841,K-EXAONE (Reasoning),LG AI Research,32.1,27.0,90.3
9cc377dc-67ae-4042-bafc-0466b5f05089,K-EXAONE (Non-reasoning),LG AI Research,23.4,13.5,44.0
296ace9b-0815-43b2-bafa-fd6cec5cce36,MiMo-V2-Omni-0327,Xiaomi,44.9,36.9,
82b36b4d-84dd-4bc0-ad32-e3aee9442789,MiMo-V2-Flash (Non-reasoning),Xiaomi,30.4,25.8,67.7
5d8183dc-24f4-46c5-a1d0-d937de149364,MiMo-V2-Pro,Xiaomi,49.2,41.4,
00f1248e-78e3-4230-8dc8-5e13ba8645e2,MiMo-V2.5-Pro,Xiaomi,53.8,45.5,
94d09368-9035-47cf-963a-b4310b433a16,MiMo-V2-Omni,Xiaomi,43.4,35.5,
1479f50b-d37f-4b55-bb8b-4212a15042eb,MiMo-V2-Flash (Feb 2026),Xiaomi,41.5,33.5,
ae4fe623-80ab-4ea3-8921-70a18ea0fc7e,ERNIE 4.5 300B A47B,Baidu,15.0,14.5,41.3
a518a64b-e337-48f3-85a1-ba7dc0e8f961,ERNIE 5.0 Thinking Preview,Baidu,29.1,29.2,85.0
45790612-02e3-4c42-b5bd-cd7ed2ea1f2f,Sarvam 105B (high),Sarvam,18.2,9.8,
764dd095-6ebd-4760-8eb3-cbc40964db2e,Sarvam 30B (high),Sarvam,12.3,7.9,
c43aa1f9-31bd-4a99-be70-84c5e6bd2e75,Qwen Chat 14B,Alibaba,7.4,,
ea5d2c10-1051-437d-95c2-18d5e4d14ff3,Cogito v2.1 (Reasoning),Deep Cogito,,24.8,72.7
fb112343-c82c-4b43-afea-996bd5101d62,KAT-Coder-Pro V1,KwaiKAT,36.0,18.3,94.7
fc4223e8-4586-4ca1-97ca-bb55ff586947,KAT Coder Pro V2,KwaiKAT,43.8,45.6,
369329e4-629f-425d-975a-e8980aec2965,INTELLECT-3,Prime Intellect,22.2,19.1,88.0
666eb13f-0d22-4438-8eb0-01876e1a8604,Motif-2-12.7B-Reasoning,Motif Technologies,19.1,11.9,80.3
5a49ef80-3af5-404b-8ac0-e1b230ae95de,K2 Think V2,MBZUAI Institute of Foundation Models,24.1,15.5,
dd738be7-2b69-4775-91a5-8851d3341c2d,K2-V2 (medium),MBZUAI Institute of Foundation Models,18.7,14.0,64.7
dae31abc-0587-44d0-ba53-f78e96b6e486,K2-V2 (low),MBZUAI Institute of Foundation Models,14.4,10.5,35.3
a38d719a-709c-4983-b3e7-7090389ae9a6,K2-V2 (high),MBZUAI Institute of Foundation Models,20.6,16.1,78.3
e0099b99-d368-4562-b0de-4016ea58af54,Mi:dm K 2.5 Pro Preview,Korea Telecom,,11.9,78.7
df4c5a29-4b5c-4fef-9f7f-5e24e118ab65,Mi:dm K 2.5 Pro,Korea Telecom,23.1,12.6,76.7
339a92c1-8a42-417f-8d1f-cdbc605acd9e,HyperCLOVA X SEED Think (32B),Naver,23.7,17.5,59.0
6056731b-c705-455b-aa0d-43cbf29b1054,LongCat Flash Lite,LongCat,23.9,16.5,
60cff809-05fb-4439-afe7-8b1476439f49,Tri-21B-think Preview,Trillion Labs,20.0,7.4,
5d891609-fe1c-4e8d-b9f0-5b0ff6d9f439,Tri-21B-Think,Trillion Labs,18.6,6.3,
7d73161f-002f-4c9c-b4f8-6c4d91f2ba8e,Nanbeige4.1-3B,Nanbeige,16.1,8.9,
891bcdf2-8dd2-4dc3-829b-d963fde25876,Apertus 8B Instruct,Swiss AI Initiative,5.9,1.4,
49e70a38-4ac1-4659-b490-09b2c7ff21d6,Apertus 70B Instruct,Swiss AI Initiative,7.7,1.9,
b6d2e43d-3082-43f5-9318-0f4dbcb54163,Trinity Large Thinking,Arcee AI,31.9,27.2,
3d4e7366-928c-4eff-a8b0-2919c7d334c9,JT-MINI,China Mobile,25.4,21.2,
5aa1c578-af76-4b91-8699-cdd43582b3af,GLM-5.1 (Reasoning),Z AI,51.4,43.4,
f164b41f-44c5-4675-bca3-fea1db4bd9ae,GLM-5 (Non-reasoning),Z AI,40.6,39.0,
40663ad2-b218-471e-bdd4-a1e0c2360e2b,GLM-5 (Reasoning),Z AI,49.8,44.2,
92f245a7-43b4-4ffd-8bfb-866746bf824d,GLM-5.1 (Non-reasoning),Z AI,43.8,35.8,
149096f3-57b7-4413-80c2-a2c010a2995a,GLM-5-Turbo,Z AI,46.8,36.8,
248deb0d-426c-4fa9-86fa-bc60aa9c3719,GLM 5V Turbo (Reasoning),Z AI,42.9,36.2,
3bc32f13-5afa-4e28-bce1-10e57376686b,Command A,Cohere,13.5,9.9,13.0
81444bc8-72f9-4a2d-ad43-27e3f0d2f461,Tiny Aya Global,Cohere,4.7,1.2,
a71c1a35-ccc8-43f0-a5a2-070a690b9a00,Apriel-v1.6-15B-Thinker,ServiceNow,27.6,22.0,88.0
f78138d6-2e04-4a84-919a-20d177cb6ff1,Jamba Reasoning 3B,AI21 Labs,9.6,2.5,10.7
b4f14013-37dd-4c75-bd8a-378365d9ed77,Jamba 1.7 Mini,AI21 Labs,8.1,3.1,0.3
78452c64-7303-4192-bca5-2d9ec5c623d4,Jamba 1.7 Large,AI21 Labs,10.9,7.8,2.3
3b156101-b0d7-4438-b350-2d1f1168f40a,Qwen3.6 27B (Non-reasoning),Alibaba,37.1,26.6,
0e66bae9-41f1-42fc-9276-ce8cb6f72919,Qwen3.5 397B A17B (Reasoning),Alibaba,45.0,41.3,
2698f6c6-e436-47ce-a583-dbc25596c571,Qwen3 Next 80B A3B Instruct,Alibaba,20.1,15.3,66.3
30ef2a79-e800-4165-9f13-2a338f120db7,Qwen3.5 397B A17B (Non-reasoning),Alibaba,40.1,37.4,
0179b427-93dc-415c-bb4c-f980ddf8d088,Qwen3.5 Omni Plus,Alibaba,38.6,27.6,
2236df45-0699-40d1-b5cc-69ee345d2257,Qwen3.5 122B A10B (Reasoning),Alibaba,41.6,34.7,
c8a79180-7d16-4474-8701-9a77c0baa56a,Qwen3 Next 80B A3B (Reasoning),Alibaba,26.7,19.5,84.3
66938aab-78fa-49d7-8461-b48b6833e837,Qwen3.6 35B A3B (Non-reasoning),Alibaba,31.5,17.6,
fc92f822-04b7-420d-9c07-a21af5e9aac7,Qwen3 Coder Next,Alibaba,28.3,22.9,
f371ad68-6947-4767-a78f-1f6c81f96b93,Qwen3.6 Plus,Alibaba,50.0,42.9,
405e2235-0925-4634-a3c7-fbd5f6394bc0,Qwen3.5 0.8B (Non-reasoning),Alibaba,9.9,1.0,
30c9ba61-d0a1-4794-938e-35865f379d15,Qwen3.5 4B (Non-reasoning),Alibaba,22.6,13.7,
0985ada8-2ed8-404d-bd8b-7357666ce40f,Qwen3.5 2B (Non-reasoning),Alibaba,14.7,4.9,
20da3b31-fc0a-4359-abec-d59367bf1d9f,Qwen3.5 9B (Non-reasoning),Alibaba,27.3,21.4,
eebfef01-709e-4ffe-b72f-0db75ef2434b,Qwen3.5 35B A3B (Non-reasoning),Alibaba,30.7,16.8,
a6ea7ec0-0aca-4442-98fb-4296c6d18b31,Qwen3.5 0.8B (Reasoning),Alibaba,10.5,0.0,
8665ca00-c687-44c7-875c-22618cb31c4f,Qwen3.6 35B A3B (Reasoning),Alibaba,43.5,35.1,
b97ef678-2d31-4375-9416-67ea97f87204,Qwen3 Omni 30B A3B (Reasoning),Alibaba,15.6,12.7,74.0
0b226b82-1462-4860-bf1a-f8aed7024791,Qwen3 Omni 30B A3B Instruct,Alibaba,10.7,7.2,52.3
021b1b31-d2fc-4653-ab74-c10bd2f41c8e,Qwen3.5 122B A10B (Non-reasoning),Alibaba,35.9,31.6,
2d28a13a-096e-475a-beb8-26bbd1c7d51c,Qwen3.5 9B (Reasoning),Alibaba,32.4,25.3,
651ef7ae-9a8f-477e-9c8e-460aa156ba02,Qwen3.5 4B (Reasoning),Alibaba,27.1,17.5,
5d4acc80-7a88-4e84-bfe7-99071b84e6a4,Qwen3.5 2B (Reasoning),Alibaba,16.3,3.5,
6000692c-f9a6-47f8-a5c0-e0874ac488bb,Qwen3.6 Max Preview,Alibaba,51.8,44.9,
8c29d66d-bf98-4ea3-8572-5409353ecc66,Qwen3.6 27B (Reasoning),Alibaba,45.8,36.5,
6f3534b1-1168-472e-b3e3-23ab521504f5,Qwen3.5 Omni Flash,Alibaba,25.9,14.0,
2e46d2fd-eb2b-42b9-9fe4-be50630fe870,Ling-2.6-1T,InclusionAI,33.6,33.0,
a29e66d6-1c3c-456a-8770-59ee3845b35d,Ring-1T,InclusionAI,22.8,16.8,89.3
15b56b8e-7b93-4ed9-ac06-75c922e3b86e,Ling-1T,InclusionAI,19.0,18.8,71.3
3d64bf83-232e-427e-8590-26b478bae4a8,Ling-mini-2.0,InclusionAI,9.2,5.0,49.3
91f3a4c8-b000-4513-942c-bfe283375c35,Ling 2.6 Flash,InclusionAI,26.2,23.2,
47b7df55-5804-40de-ba11-317de786710a,Ring-flash-2.0,InclusionAI,14.0,10.6,83.7
882a5da3-94ca-4602-8693-c45970df17e2,Ling-flash-2.0,InclusionAI,15.7,16.7,65.3
4d6dd5ce-08cb-4e87-9288-1dd2f022aa35,Doubao Seed Code,ByteDance Seed,33.5,31.3,79.3
5ad2f60f-ee05-49fd-85a0-cef69aa7cb7b,o1,OpenAI,30.8,20.5,
078f4dc8-5350-40a2-a5ea-e8359f795b70,o1-preview,OpenAI,23.7,34.0,
b515503d-4d65-4a3f-8a4a-6c731e2b079f,o1-mini,OpenAI,20.4,,
8c1be908-67b6-4cf4-ba08-83ddbe44fde3,GPT-4o (Aug '24),OpenAI,18.6,16.6,
e98e911e-9fb2-4a9a-826e-3d681d0cdca8,GPT-4o (May '24),OpenAI,14.5,24.2,
76aa6af5-fdc6-4739-a300-983f14e74a67,GPT-4 Turbo,OpenAI,13.7,21.5,
c1045dc0-4fd3-4adb-9548-18763e0d051f,GPT-4o (Nov '24),OpenAI,17.3,16.7,6.0
b5c1c91a-7474-4409-9a9c-9c2ac45d9eb6,GPT-4o mini,OpenAI,12.6,,14.7
037dec2f-51e8-4127-a1f1-85155dae7a1d,GPT-3.5 Turbo,OpenAI,9.0,10.7,
ca04852c-eaae-4881-a208-f9b2ca3b7cd6,o3-pro,OpenAI,40.7,,
72c358fd-7d45-4d68-89aa-699743710924,GPT-4.1 nano,OpenAI,13.0,11.2,24.0
bc26bfdb-4923-4442-a6ca-e77392923581,GPT-5 mini (minimal),OpenAI,20.7,21.9,46.7
3b608b70-6434-4baa-99ad-45d499703c67,GPT-4.1,OpenAI,26.3,21.8,34.7
9f7c7566-a704-49a2-a383-cb3181da33a4,GPT-4.1 mini,OpenAI,22.9,18.5,46.3
c3738fb0-3408-4430-a699-760ae4b70c93,GPT-5 (minimal),OpenAI,23.9,25.1,31.7
498862c3-f9ac-49d2-852f-16a02bb0c38f,GPT-5.2 (xhigh),OpenAI,51.3,48.7,99.0
019e86f6-e66b-42d8-8a50-235a06b53003,GPT-5.2 Codex (xhigh),OpenAI,49.0,43.0,
fd4454ff-e703-46c0-a7f5-fa69af09486d,GPT-5.1 Codex mini (high),OpenAI,38.6,36.4,91.7
5d11e7a1-4f70-4e5a-9364-e193761d6757,GPT-5 Codex (high),OpenAI,44.6,38.9,98.7
04d023f3-025c-4d78-9571-53edda3eaf2a,GPT-5.1 Codex (high),OpenAI,43.1,36.6,95.7
5e965af0-ca5c-4f47-9ba9-06000508b84a,GPT-5 (medium),OpenAI,42.0,39.0,91.7
e18e5e6a-5a31-4c0b-b80b-ac401392f446,GPT-5 nano (high),OpenAI,26.8,20.3,83.7
48e50f00-1fd1-4acc-b337-61078aa341e6,GPT-5 (high),OpenAI,44.6,36.0,94.3
6dd8ba55-5680-44a9-b309-82928165d5f0,GPT-5.2 (Non-reasoning),OpenAI,33.6,34.7,51.0
5ce30d25-5353-45bb-bef9-6b87480ba3a2,GPT-4.5 (Preview),OpenAI,20.0,,
e8d4100e-165b-4c5d-ac11-ac553590a334,o1-pro,OpenAI,25.8,,
84e3f11e-d659-4941-8988-1dbfabbaf538,GPT-5.2 (medium),OpenAI,46.6,44.2,96.7
6a7c0e25-1dcb-4b15-8495-a8536a9da051,GPT-4,OpenAI,12.8,13.1,
84b49308-6b93-47aa-a4f6-776ee1a1e8cd,o4-mini (high),OpenAI,33.1,25.6,90.7
29855680-7469-43eb-8b88-cd3fb1d99da3,GPT-5 mini (high),OpenAI,41.2,35.3,90.7
076f2674-bc4b-4925-be59-50832eb8c090,o3-mini (high),OpenAI,25.2,17.3,
575498d6-60ec-466b-9372-fea19911fd07,"GPT-4o (March 2025, chatgpt-4o-latest)",OpenAI,18.6,,25.7
05e45a36-b5c6-47a1-8adb-9ddc19add5b3,GPT-5 nano (minimal),OpenAI,13.8,14.2,27.3
b4784397-aa28-411b-b011-9c4331bfa9c8,GPT-4o (ChatGPT),OpenAI,14.1,,
8b1a70d1-e05f-426b-9122-023d4629ab47,GPT-3.5 Turbo (0613),OpenAI,,,
7f3c9423-3ee3-4369-a6d9-3f2a40aff00e,GPT-5 (low),OpenAI,39.2,30.7,83.0
eab1492c-b853-4852-aa71-06b0ec2481c1,GPT-5 (ChatGPT),OpenAI,21.8,21.2,48.3
2dad8957-4c16-4e74-bf2d-8b21514e0ae9,o3-mini,OpenAI,25.9,17.9,
d0b3d47e-aec6-425e-9de7-168dcc6d1e28,GPT-5.1 (Non-reasoning),OpenAI,27.4,27.3,38.0
4343afb1-c928-44c9-92e2-68fa1195b6f5,GPT-4o mini Realtime (Dec '24),OpenAI,,,
4dc12a38-b18f-4c43-8e1b-678f8434b5b1,GPT-5.1 (high),OpenAI,47.7,44.7,94.0
8eb02396-f231-4189-ae15-05f7facebd9b,GPT-5 nano (medium),OpenAI,25.9,22.9,78.3
c3274a19-6d3c-4d01-ab9b-5055a0a40429,GPT-5 mini (medium),OpenAI,38.9,32.9,85.0
e2e9ddc3-8c2d-4bf5-a60a-83a1afe61034,GPT-4o Realtime (Dec '24),OpenAI,,,
466aecdb-3d96-4191-bc52-b3366db38851,Llama 3.1 Instruct 70B,Meta,12.5,10.9,4.0
739684ba-0f63-4e2a-b4ee-30741c9e9320,Llama 3.1 Instruct 8B,Meta,11.8,4.9,4.3
71e8d48c-1920-4f27-8ea9-1f10becc615a,Llama 3.2 Instruct 3B,Meta,9.7,,3.3
aa83359a-d804-4f0b-b5bf-dc637711c26f,Llama 3 Instruct 70B,Meta,8.9,6.8,
82879bb8-89fb-4adc-b519-315b8ef30b77,Llama 3 Instruct 8B,Meta,6.4,4.0,
80f7860a-7665-4658-9f05-15bccf5f832f,Llama 3.2 Instruct 1B,Meta,6.3,0.6,0.0
599da8e0-bd9c-4b38-a127-b50e371fbcf8,Llama 2 Chat 70B,Meta,8.4,,
ffd65ef7-fbdb-4145-98ae-b5d01cda770b,Llama 2 Chat 7B,Meta,9.7,,
6b08a75a-19ee-40b4-be33-133b8ef42f92,Llama 2 Chat 13B,Meta,8.4,,
c6a47d8a-7517-46e2-8383-329fe7241725,Gemini 2.0 Pro Experimental (Feb '25),Google,18.1,25.5,
fddb72bd-60d3-41af-acc5-3df9a290eb8e,Gemini 2.0 Flash (experimental),Google,16.8,,
2ac96b67-f4f8-4c8c-ac08-c7510faa7bb9,Gemini 1.5 Pro (Sep '24),Google,16.0,23.6,
3de55b83-e02b-412e-8211-315bbebe3e94,Gemini 2.0 Flash-Lite (Preview),Google,14.5,,
bcca0e70-7e80-4c07-b1fa-b33bcfb19e51,Gemini 2.0 Flash (Feb '25),Google,18.5,13.6,21.7
41faf421-118b-465b-b170-d200776580d1,Gemini 1.5 Flash (Sep '24),Google,13.8,,
94229066-9381-4ee1-bf70-a16d63756a6e,Gemini 1.5 Flash-8B,Google,11.1,,
68c89ebf-779c-4445-9241-de964cd17355,Gemini 2.5 Flash Preview (Reasoning),Google,24.3,,
d1122eff-ee85-4fdc-8a9f-23bee6590667,Gemini 3 Pro Preview (high),Google,48.4,46.5,95.7
a8c67863-9d66-44dd-8d27-f58654ecde03,Gemma 3n E2B Instruct,Google,4.8,2.2,10.3
a797eaf3-6d75-4f29-86a8-e1243ce52d43,Gemma 3n E4B Instruct,Google,6.4,4.2,14.3
d1720545-d0a8-4c15-a53e-ef5ca99ac7ea,Gemma 3 1B Instruct,Google,5.5,0.2,3.3
222fb320-6e55-4672-846a-b6d5a24a45f4,Gemma 3 4B Instruct,Google,6.3,2.9,12.7
ac48c49d-9e77-4394-ac4e-d1ee51fd5fee,Gemini 1.5 Flash (May '24),Google,10.5,,
515852e7-ba9c-4571-8cf9-82ad6b45f22f,PALM-2,Google,8.6,4.6,
16f2578b-1b28-4be3-b371-700c2677bcd6,Gemini 1.5 Pro (May '24),Google,12.0,19.8,
2bfdd17a-e027-4068-a54e-b0e90a6df118,Gemma 3 27B Instruct,Google,10.3,9.6,20.7
8ddacd41-bf43-411b-aa30-43ebf0567dd8,Gemini 1.0 Pro,Google,8.5,,
877fdfc9-2026-477a-af96-e4fd602c0131,Gemini 2.5 Flash Preview (Sep '25) (Non-reasoning),Google,25.7,22.1,56.7
6afbfb62-27e4-435e-9c85-d9fe1b92519e,Gemini 2.5 Flash (Non-reasoning),Google,20.6,17.8,60.3
2e6400f5-85ca-4ebc-ba8f-c2811a631138,Gemma 3 12B Instruct,Google,8.8,6.3,18.3
55a3ebf6-6117-4cc1-8596-c6de6e552fd4,Gemini 2.5 Flash Preview (Non-reasoning),Google,17.8,,
dfeeb904-e784-4d5c-ad66-9400146b150b,Gemini 2.0 Flash Thinking Experimental (Dec '24),Google,12.3,,
0399e614-5d46-484f-9183-e4f32d74e1c6,Gemini 2.0 Flash Thinking Experimental (Jan '25),Google,19.6,24.1,
7b269763-ecc0-41ef-aa29-47ef632ac065,Gemini 2.0 Flash-Lite (Feb '25),Google,14.7,,
62de31e8-a1a3-429c-b634-a2afccfd9363,Gemini 2.5 Pro Preview (Mar' 25),Google,30.3,46.7,
219ed587-60c5-4a48-9517-8480e08d0ca1,Gemini 2.5 Flash (Reasoning),Google,27.0,22.2,73.3
2ae624ca-25b4-4cc8-8970-cdfdd3320691,Gemini 1.0 Ultra,Google,10.1,17.6,
1d81aa1c-64c8-442a-9c41-81b37e407b91,Gemini 2.5 Flash-Lite (Non-reasoning),Google,12.7,7.4,35.3
c7667559-d9b6-43f1-8cd8-8bdbc78d190b,Gemini 2.5 Flash Preview (Sep '25) (Reasoning),Google,31.1,24.6,78.3
bd2c3517-00d8-4ba5-a989-1f1e52f3ffab,Gemma 3n E4B Instruct Preview (May '25),Google,10.1,,
f4e8194a-d0e6-48eb-92be-4307de5aeeec,Gemini 2.5 Flash-Lite (Reasoning),Google,17.6,9.5,53.3
073b5329-c4b3-4f1f-8f97-4753aadf4398,Gemini 2.5 Pro Preview (May' 25),Google,29.5,,
0a603978-03b9-4f47-a273-2f7fd969be85,Claude 3.5 Sonnet (Oct '24),Anthropic,15.9,30.2,
aca9c1ad-fc86-49f3-a312-b1e517ea100c,Claude 3.5 Sonnet (June '24),Anthropic,14.2,26.0,
7829427f-f0e3-4f6d-a228-5fbf70dacc02,Claude 3 Opus,Anthropic,18.0,19.5,
033e4aa9-a556-4224-87b0-341ed1070257,Claude 3.5 Haiku,Anthropic,18.7,10.7,
b2e68f0a-8f66-4e4c-9821-2b786cea601b,Claude 3 Sonnet,Anthropic,10.3,,
1fc54cef-d179-48b1-a27d-046874e9b208,Claude 3 Haiku,Anthropic,12.3,6.7,
83cb898e-05d9-4e4b-9de3-2d305014d923,Claude Instant,Anthropic,7.4,7.8,
13358187-4584-479c-ab43-5bcdf8f297a4,Claude 3.7 Sonnet (Reasoning),Anthropic,34.7,27.6,56.3
53c98840-47af-49aa-94e6-469fb17e9a1b,"Claude Opus 4.6 (Adaptive Reasoning, Max Effort)",Anthropic,53.0,48.1,
4386585e-71b4-4a0c-8a63-afb333419cd6,"Claude Opus 4.6 (Non-reasoning, High Effort)",Anthropic,46.5,47.6,
f2f60e3a-e5f5-4471-acd2-9f2f29c76007,Claude 4.1 Opus (Non-reasoning),Anthropic,36.0,,
8a4a5ead-7789-4389-8400-30e9d20370b7,Claude 4 Opus (Reasoning),Anthropic,39.0,34.0,73.3
91cb6144-4937-4e4e-aeda-b4341d355c10,Claude 4.5 Sonnet (Non-reasoning),Anthropic,37.1,33.5,37.0
4077490a-bbfb-404e-979a-a97a20e3b5de,Claude Opus 4.5 (Non-reasoning),Anthropic,43.1,42.9,62.7
a7564055-f8ba-4c4b-9e2d-060f61263645,Claude 4 Sonnet (Reasoning),Anthropic,38.7,34.1,74.3
90e078f2-051b-4c63-8919-76618971cb3f,Claude 4.5 Sonnet (Reasoning),Anthropic,43.0,38.6,88.0
504412c2-2ada-499b-aebf-7e0a35c9d286,Claude 4 Opus (Non-reasoning),Anthropic,33.0,,36.3
2660d74f-ce79-48a8-8b53-6e668e2071a2,Claude Opus 4.5 (Reasoning),Anthropic,49.7,47.8,91.3
d034dafe-463d-4c50-956f-84fca657b26f,Claude 4 Sonnet (Non-reasoning),Anthropic,33.0,30.6,38.0
ccbfa8c3-a762-480b-aade-34fb9697f98c,Claude 4.1 Opus (Reasoning),Anthropic,42.0,36.5,80.3
ddc748d0-6a9b-466b-8d6c-68417980d56d,Claude 2.0,Anthropic,9.1,12.9,
d925845d-39ad-4de3-8495-f176b79828c0,Claude 3.7 Sonnet (Non-reasoning),Anthropic,30.8,26.7,21.0
9e141c0d-fc82-4e07-bb2e-fe0003bc030b,Claude 2.1,Anthropic,9.3,14.0,
50f92d5f-f413-4c97-8dab-331101622a28,Mistral Large 2 (Nov '24),Mistral,15.1,13.8,14.0
1b05e346-e86a-4a20-8feb-7da8c65a99aa,Mistral Large 2 (Jul '24),Mistral,13.0,,0.0
de0beaf0-c951-487a-8eb4-3dd12e74122c,Pixtral Large,Mistral,14.0,,2.3
e5dd499f-c330-45ec-9ff0-a99209c82af7,Mistral Small 3,Mistral,12.7,,4.3
7c045ca0-b331-488d-af31-df0fd331dfd1,Mistral Small (Sep '24),Mistral,10.2,,
ca6c1412-f3c1-4391-9231-f83a702aa7af,Mixtral 8x22B Instruct,Mistral,9.8,,
35d602fc-b8b8-4698-9f4d-f2ce11ca50e4,Mistral Small (Feb '24),Mistral,9.0,,
5e4e4590-a77e-4b66-95f8-f3960a1a7c68,Mistral Large (Feb '24),Mistral,9.9,,
3edcb2ed-6981-4f88-a556-563f7f8f00aa,Mixtral 8x7B Instruct,Mistral,7.7,,
217b34ec-5920-4fc1-8886-6a70a324837d,Mistral 7B Instruct,Mistral,7.4,,
24ac5b00-5f03-4c47-8e37-522d1195383e,Mistral Small 3.1,Mistral,14.5,13.9,3.7
0fec07d5-a9b2-407a-b5f8-5bf10bd86b59,Magistral Small 1,Mistral,16.8,11.1,41.3
43da3718-3d6e-40dd-901a-05664179ff7f,Mistral Small 3.2,Mistral,15.1,13.3,27.0
9eae4ec4-61b8-48bc-9843-3edd506ae933,Devstral Small (Jul '25),Mistral,15.2,12.1,29.3
cc1fa238-1a76-486d-a997-22309275eadd,Devstral Small (May '25),Mistral,18.0,12.2,
7a7b52f6-fdef-4dae-9203-58c710ccc81d,Mistral Saba,Mistral,12.1,,
660965b2-66d2-49ee-a6b9-79a6ac47d3c0,Magistral Medium 1,Mistral,18.8,16.0,40.3
59e22326-1bca-4432-a5fa-147fbe8854e7,Mistral Medium 3,Mistral,18.8,13.6,30.3
1f05af98-1ec6-4506-a0b8-57a8c9b63878,Mistral Medium,Mistral,9.0,,
aba82268-2bb7-4a0f-80be-9b7722e2145b,Devstral Medium,Mistral,18.7,15.9,4.7
df95f83f-5ebb-466a-9d2d-b95efc8c012c,DeepSeek R1 Distill Qwen 32B,DeepSeek,17.2,,63.0
43fc5506-c5ed-4dee-9b85-962bf7ae3986,DeepSeek V3 (Dec '24),DeepSeek,16.5,16.4,26.0
b26ff709-1773-4595-ae44-78e0a5bac29c,DeepSeek R1 Distill Qwen 14B,DeepSeek,15.8,,55.7
bc4579d2-9c46-46c3-ace0-454039bf21bb,DeepSeek-V2.5 (Dec '24),DeepSeek,12.5,,
8f0a75d6-8d00-4c2e-bcd4-8e88a570a93c,DeepSeek-Coder-V2,DeepSeek,10.6,,
0e49fe2d-dd3c-4ae5-b56f-a1c89e14b89e,DeepSeek R1 Distill Llama 8B,DeepSeek,12.1,,41.3
7764d514-694f-444c-8d60-bdc6e24e223f,DeepSeek LLM 67B Chat (V1),DeepSeek,8.4,,
444cdb1e-bab8-42cd-938c-b2d7a93e2da1,DeepSeek R1 Distill Qwen 1.5B,DeepSeek,9.1,,22.0
fb65266f-5a7d-403c-85d5-ccdf0d1ca838,DeepSeek V3.1 (Non-reasoning),DeepSeek,28.1,28.4,49.7
75e1c197-f239-4361-a9d6-66dccfead236,DeepSeek V3 0324,DeepSeek,22.3,22.0,41.0
0e34f05c-387e-4968-be15-ccec4a55d8c1,DeepSeek R1 (Jan '25),DeepSeek,18.8,15.9,68.0
07c35e00-2b12-44c8-91cc-408629cd569e,DeepSeek V3.2 Exp (Non-reasoning),DeepSeek,28.4,30.0,57.7
0a7dda4d-cc9c-4a90-abc1-abb5772c901b,DeepSeek V3.1 Terminus (Reasoning),DeepSeek,33.9,33.7,89.7
dfb9292d-bc7c-4425-a260-4256217e709f,DeepSeek V3.1 Terminus (Non-reasoning),DeepSeek,28.5,31.9,53.7
af134350-8ba3-4629-b56b-00bd6dcf60c4,DeepSeek V3.2 Exp (Reasoning),DeepSeek,32.9,33.3,87.7
8a24865b-90d9-4e2b-a2fd-6851c2e9d627,DeepSeek-V2.5,DeepSeek,12.3,,
198b717f-42c8-4ab7-a699-ae9373d669d3,DeepSeek V3.1 (Reasoning),DeepSeek,27.7,29.7,89.7
c7327e6e-b27f-4b1b-859d-159a34e0ba1c,DeepSeek Coder V2 Lite Instruct,DeepSeek,8.5,,
2d19c2d1-062d-436e-b2c2-3d3ecad34acc,DeepSeek-V2-Chat,DeepSeek,9.1,,
6000145b-0e3d-4fef-a55f-bcaac84803b2,DeepSeek R1 0528 Qwen3 8B,DeepSeek,16.4,7.8,63.7
3435db18-9227-45a5-8e79-9546b14b5aaa,Sonar Pro,Perplexity,15.2,,
1edc272c-d799-44d6-909a-bf3c1909a3a0,Sonar Reasoning Pro,Perplexity,24.6,,
5ec4a0db-da66-4e46-9682-fceeed755ef8,Sonar,Perplexity,15.5,,
04751bd4-0c5d-416b-a5f2-83727c5bfcda,Sonar Reasoning,Perplexity,17.9,,
a04f5b78-f397-4fd8-a2b1-00dcab50324c,Grok Beta,xAI,13.3,,
573bbd93-114c-4b71-9ede-a73a7d4bdf84,Grok 4 Fast (Reasoning),xAI,35.1,27.4,89.7
ec3b22e6-48ac-416a-b4ae-55565a4f3046,Grok 3 Reasoning Beta,xAI,21.6,,
04787c2b-0751-4269-8029-075b727d7aed,Grok 4.20 0309 (Reasoning),xAI,48.5,42.2,
291a510a-dcc0-40df-8a80-b3aa31900a6c,Grok 2 (Dec '24),xAI,13.9,,
2dbb6dc7-8c40-4b6d-af9c-cf805f83b79a,Grok 4 Fast (Non-reasoning),xAI,23.1,19.0,41.3
2443ac9e-a3db-423d-accb-8963f6fb0a53,Grok 3,xAI,25.2,19.8,58.0
523125f4-a1da-4990-9abd-dd08a069100e,Grok 4.20 0309 (Non-reasoning),xAI,29.7,25.4,
5ea94a4a-55ac-4ea1-8898-2b3971e94af6,Grok 4,xAI,41.5,40.5,92.7
ec60e57e-76d3-42e3-a0e3-80662225a639,OpenChat 3.5 (1210),OpenChat,8.3,,
546ec53f-273c-4af7-b13f-b88c41f45905,Nova Pro,Amazon,13.5,11.0,7.0
5c3dd927-48a3-4f3c-8045-9b135f62dfbb,Nova Lite,Amazon,12.7,5.1,7.0
ded8d96e-835f-4359-947a-a4c3bb78e983,Phi-3 Mini Instruct 3.8B,Microsoft,10.1,3.0,0.3
1299b9a8-af50-4742-a58b-24ff7eb48f9f,LFM 40B,Liquid AI,8.8,,
0faadeeb-320c-45cf-9c76-5f8768f342e6,LFM2 1.2B,Liquid AI,6.3,0.8,3.3
d97713f2-afa6-4f8d-b2f3-ac89a24c4d6c,Solar Mini,Upstage,11.9,,
432d6c36-8825-47f3-b4eb-58529cea346b,Solar Pro 2 (Preview) (Non-reasoning),Upstage,16.0,,
8e78cf7a-5b76-4beb-beba-b99c6233b208,Solar Pro 2 (Preview) (Reasoning),Upstage,18.8,,
1cb96708-f6c1-4668-9804-5db6ecac01ed,DBRX Instruct,Databricks,8.3,,
272ff333-442f-4169-a804-ac9177bc99d7,MiniMax-M2.1,MiniMax,39.4,32.8,82.7
f74ea286-cd29-4eb4-af14-1389b19c21e5,MiniMax-M2,MiniMax,36.1,29.2,78.3
12adec16-19fe-4d92-aeff-5ef3eb7e780a,MiniMax-M2.5,MiniMax,41.9,37.4,
9ca246a7-cf13-42c9-9182-5b5ad6b79026,MiniMax M1 80k,MiniMax,24.4,14.5,61.0
385376b1-9815-47dd-83cc-85aac34f247d,MiniMax M1 40k,MiniMax,20.9,14.1,13.7
66445f84-b2e3-4202-afdc-92ba0f0e5f36,Kimi K2 0905,Kimi,30.9,25.9,57.3
441734a9-8901-4850-9bae-b474c370291f,Kimi K2,Kimi,26.3,22.1,57.0
bddebfd3-0a8d-47f5-b722-bc4c2ca5a5dc,Kimi K2 Thinking,Kimi,40.9,34.8,94.7
a550ffca-f89e-4381-ade6-a85dc6a1fb4c,Kimi K2.5 (Reasoning),Kimi,46.8,39.5,
c8158c23-6fff-4c31-911d-954c32d80c28,Step 3.5 Flash,StepFun,37.8,31.6,
f73f4711-9c61-40a7-a258-b71c14727f53,Llama 3.1 Tulu3 405B,Allen Institute for AI,14.1,,
54442579-2a4d-40cc-b264-bc4ff29e311a,OLMo 2 32B,Allen Institute for AI,10.6,2.7,3.3
f818a7bb-6f23-4b24-8d52-6b9c1a5ca628,OLMo 2 7B,Allen Institute for AI,9.3,1.2,0.7
c8a3fa87-735e-49a9-afb1-270c5e9f53f7,Olmo 3 32B Think,Allen Institute for AI,12.1,10.5,73.7
2cff73da-4855-403c-afc9-5540feadcc15,Granite 3.3 8B (Non-reasoning),IBM,7.0,3.4,6.7
a971b0c0-4c0f-484a-b018-e36b5be3409e,Reka Flash (Sep '24),Reka AI,12.0,,
1dcea4f7-7e8b-49f8-abe2-5860ff9f349e,Hermes 3 - Llama-3.1 70B,Nous Research,10.6,,
be185709-ddb4-4268-9597-856464359b25,MiMo-V2-Flash (Reasoning),Xiaomi,39.2,31.8,96.3
34ef2b5c-3df3-437e-b9c5-81346f8c14a8,Sarvam M (Reasoning),Sarvam,8.4,7.5,
1cf439b8-0cfd-47b2-9de2-9a2157e6762b,GLM-4.5 (Reasoning),Z AI,26.4,26.3,73.7
81b6ddfc-111e-4422-bd44-42ee6165b699,GLM-4.7 (Non-reasoning),Z AI,34.2,32.0,48.0
6fc35842-0165-44cf-8570-c484a92b3d8c,GLM-4.7 (Reasoning),Z AI,42.1,36.3,95.0
6a5d56e1-bb68-4205-8d9b-26b97888bc84,GLM-4.6 (Reasoning),Z AI,32.5,29.5,86.0
946e7aab-db1c-4c3f-b0b3-7720d0cff187,GLM-4.6 (Non-reasoning),Z AI,30.2,30.2,44.3
5d303dc9-c027-401f-9803-4e9aa3331007,GLM-4.5-Air,Z AI,23.2,23.8,80.7
2c4394a2-b443-470a-908e-5c4a271b780c,GLM-4.7-Flash (Reasoning),Z AI,30.1,25.9,
43098bd0-77ca-408b-b698-9d60b1d1c3b8,GLM-4.6V (Non-reasoning),Z AI,17.1,11.1,26.3
0081ab31-d10a-44a0-a10d-eee5533fec65,GLM-4.5V (Non-reasoning),Z AI,12.7,10.8,15.3
d2d7dd95-770f-4cb0-9bbc-d275ac19c265,GLM-4.6V (Reasoning),Z AI,23.4,19.7,85.3
3068def4-7270-4c06-a320-6f6a5623d564,GLM-4.5V (Reasoning),Z AI,15.1,10.9,73.0
c8673741-5e1a-46a1-9e4f-710a5c920982,GLM-4.7-Flash (Non-reasoning),Z AI,22.1,11.0,
76361085-f5dc-49ec-b069-fe56ca885933,Command-R+ (Apr '24),Cohere,8.3,,
abe9f0c7-f4f6-430d-ba42-f45afdd4841b,Command-R (Mar '24),Cohere,7.4,,
ac1031bc-c53e-4af7-9c6e-2005e0ff44fa,Apriel-v1.5-15B-Thinker,ServiceNow,28.3,18.7,87.5
b4ddb4c8-1400-44ab-8c2b-e2472088e7ff,Jamba 1.5 Large,AI21 Labs,10.7,,
540ebc58-a2d8-4dc9-ba6b-973efa52fab1,Jamba 1.5 Mini,AI21 Labs,8.0,,
e8ffd75b-766f-4551-8c52-6e54706220eb,Jamba 1.6 Mini,AI21 Labs,7.9,,
92b19c88-fa87-4595-957e-fe9aa5fa5ad4,Jamba 1.6 Large,AI21 Labs,10.6,,
b3735511-c6ff-4928-8d72-2181444a4eb3,Arctic Instruct,Snowflake,8.8,,
b9dc72c6-7bea-4936-a55a-4b0c835fc755,Qwen2.5 Max,Alibaba,16.3,,
b4f7d7a4-869a-4ee7-b17a-4046cd1e79fd,Qwen2.5 Instruct 72B,Alibaba,15.6,11.9,14.0
04586102-6a28-48f8-a82e-85775d7ed779,Qwen2.5 Coder Instruct 32B,Alibaba,12.9,,
352f834f-a03c-4117-8a29-c3ccd8a568ce,Qwen2.5 Turbo,Alibaba,12.0,,
7656c62b-5345-435b-bf12-b6ce2ca0d58d,Qwen2 Instruct 72B,Alibaba,11.7,,
b00ecd62-a53f-4aed-b833-3e9d6b0170ba,Qwen3 32B (Reasoning),Alibaba,16.5,13.8,73.0
093883ed-f5fc-443b-8e18-afbfb166699e,Qwen3 Coder 480B A35B Instruct,Alibaba,24.8,24.6,39.3
f93d0750-b659-4ceb-a123-7e657904ef2b,Qwen3 VL 4B (Reasoning),Alibaba,13.7,6.7,25.7
5962d643-0a6f-4630-bb08-ab5720d80056,Qwen3 1.7B (Reasoning),Alibaba,8.0,1.4,38.7
bf60740e-6aa5-422f-ba49-ef6e9d171205,Qwen3 32B (Non-reasoning),Alibaba,14.5,,19.7
ceb4d610-d0a4-48c1-bea0-80ed76f1e5ca,QwQ 32B,Alibaba,19.7,,29.0
1d0db5a3-3132-4213-a94b-c2e395d08283,Qwen2.5 Instruct 32B,Alibaba,13.2,,
5e0164b3-d902-4bcb-a1b2-83b4f4cd6143,Qwen3 30B A3B 2507 (Reasoning),Alibaba,22.4,14.7,56.3
da9fe224-8af3-46d7-a8c4-6220779c3f35,Qwen3 Coder 30B A3B Instruct,Alibaba,20.0,19.4,29.0
cbac8c35-e069-4c73-823e-0953e6ed0e85,Qwen3 Max Thinking (Preview),Alibaba,32.5,24.5,82.3
3373245b-e6dc-4b66-a7b0-3f06f9b7bd46,Qwen3 235B A22B 2507 Instruct,Alibaba,25.0,22.1,71.7
b2dd592a-fbc5-458a-b26d-f3964cbab82f,Qwen3 8B (Non-reasoning),Alibaba,10.6,7.1,24.3
bbe6d782-e630-48d5-b11c-3ce37f373f1e,Qwen3 235B A22B (Reasoning),Alibaba,19.8,17.4,82.0
7ae943a9-9310-4472-a834-c61f0ab68485,Qwen3 Max,Alibaba,31.4,26.4,80.7
a803d3d0-d22e-49a0-ac2c-b9c6f1141065,Qwen3 VL 235B A22B (Reasoning),Alibaba,27.6,20.9,88.3
43573c57-2403-46fb-af4b-a93de9a0c3f5,Qwen3 235B A22B (Non-reasoning),Alibaba,17.0,14.0,23.7
9dba61f5-78ee-4190-8d1d-8e7063ffd386,Qwen3 8B (Reasoning),Alibaba,13.2,9.0,19.0
6da314d3-a984-4734-8f31-47dd32fb4699,Qwen3 VL 32B Instruct,Alibaba,17.2,15.6,68.3
d58cf573-1bd3-4d1f-9182-5482a460f570,Qwen3 VL 235B A22B Instruct,Alibaba,20.8,16.5,70.7
3e6cf518-a1f4-42d3-8fcf-827c9bd8e6d5,Qwen3 30B A3B (Reasoning),Alibaba,15.3,11.0,72.3
0e5f6140-1154-4583-a3e0-8c032a338892,Qwen3 0.6B (Non-reasoning),Alibaba,5.7,1.4,10.3
f6ccbe1d-bd7e-484b-9795-18cc9f91552d,Qwen3 235B A22B 2507 (Reasoning),Alibaba,29.5,23.2,91.0
8823351e-8232-4c9c-8a1d-cd2c1d2c1196,QwQ 32B-Preview,Alibaba,15.2,,
46d8315e-1630-463f-ab62-84185fa0faab,Qwen3.5 35B A3B (Reasoning),Alibaba,37.1,30.3,
e46198a7-cd29-4afd-933d-cdf180f0f305,Qwen3 4B (Non-reasoning),Alibaba,12.5,,
3cf875b8-b6b5-42c0-ad70-617d5be59d00,Qwen3 VL 8B Instruct,Alibaba,14.3,7.3,27.3
5b2beb12-81a9-47a1-8a2a-d0a727185b50,Qwen3 Max (Preview),Alibaba,26.1,25.5,75.0
f3169f25-8c6f-48e4-ae87-0cf872dc0ec1,Qwen3 30B A3B (Non-reasoning),Alibaba,12.5,13.3,21.7
4559e9f0-8aad-4681-89fb-68cb915e0f16,Qwen3 14B (Reasoning),Alibaba,16.2,13.1,55.7
d1768b3a-0a21-4e08-b3f6-56a9ab6cfbf3,Qwen1.5 Chat 110B,Alibaba,9.5,,
169e47f5-3d4d-4ad4-8f8b-ab46f0c73f67,Qwen3.5 27B (Reasoning),Alibaba,42.1,34.9,
191a2097-cce3-49cf-881e-0c790892059f,Qwen3 4B (Reasoning),Alibaba,14.2,,22.3
4ae6c88d-9e4a-4850-89fe-18a1c04a66cc,Qwen3 0.6B (Reasoning),Alibaba,6.5,0.9,18.0
2bb84433-f38e-4edc-9b65-4d7b1f473db9,Qwen3 1.7B (Non-reasoning),Alibaba,6.8,2.3,7.3
ce3d286e-093d-413d-a81a-0270309f039e,Qwen3 VL 30B A3B (Reasoning),Alibaba,19.7,13.1,82.3
f5d83128-047f-496d-ba49-8a428abe8345,Qwen3 VL 4B Instruct,Alibaba,9.6,4.5,37.0
7ec1065a-c90e-41e4-bd17-abb7042eed76,Qwen3 30B A3B 2507 Instruct,Alibaba,15.0,14.2,66.3
806032ff-6252-4c22-ba99-a126e411b7a4,Qwen3 Max Thinking,Alibaba,39.9,30.5,
d370fcbf-c4a1-41a2-abc4-d204fcc3fcbf,Qwen3 VL 32B (Reasoning),Alibaba,24.7,14.5,84.7
ecc6524a-d521-458a-8327-5009e8ce6549,Qwen3 14B (Non-reasoning),Alibaba,12.8,12.4,58.0
e410e854-104d-4b35-a171-899ff9d974bb,Qwen2.5 Coder Instruct 7B ,Alibaba,10.0,,
51d0b717-953d-4b44-af61-406c6b7dff39,Qwen3 VL 30B A3B Instruct,Alibaba,16.1,14.3,72.3
2aacdc07-5f4e-4ab9-8ea5-5f7ab93f9eeb,Qwen3 4B 2507 (Reasoning),Alibaba,18.2,9.5,82.7
509e94e3-f1cb-43fb-98ff-e0e9872cfd1f,Qwen3.5 27B (Non-reasoning),Alibaba,37.2,33.4,
41f73c27-880c-4f30-8b07-9999ce89a4ae,Qwen Chat 72B,Alibaba,8.8,,
b0249961-b8b2-479d-8325-a29ea17c7b89,Qwen3 4B 2507 Instruct,Alibaba,12.9,9.1,52.3
dec8073c-57e2-41c0-b1aa-7a62960f103f,Qwen3 VL 8B (Reasoning),Alibaba,16.7,9.8,30.7
5c6533f3-75a2-4109-b9a9-3623afc6b86a,Seed-OSS-36B-Instruct,ByteDance Seed,25.2,16.7,84.7
